번호,숙소,평점,가격,링크
1,제주리조트,4.5,"78,400원",https://www.yanolja.com/hotel/3012568
2,더큐브 리조트 제주,4.3,"110,000원",https://www.yanolja.com/hotel/3017869
3,서귀포 블루마운틴리조트,4.5,"168,000원",https://www.yanolja.com/pension/1000105972
4,에코그린 리조트&호텔&풀빌라,4.5,"107,000원",https://www.yanolja.com/hotel/1000104384
5,올레리조트,4.8,"219,000원",https://www.yanolja.com/hotel/1000113322
6,블루하와이리조트,4.4,"69,000원",https://www.yanolja.com/hotel/3017628
7,더 포 그레이스 리조트,4.3,"62,000원",https://www.yanolja.com/hotel/3001147
9,제주 젠틀리조트펜션,4.9,"49,000원",https://www.yanolja.com/pension/10039888
10,랜딩관 제주신화월드 호텔앤리조트,4.6,"224,400원",https://www.yanolja.com/hotel/3011118
11,팜파스호텔 제주,4.5,"63,800원",https://www.yanolja.com/hotel/1000110848
13,봄그리고가을 호텔&리조트,4.5,"69,900원",https://www.yanolja.com/hotel/3001285
14,오션스퀘어 리조트,4.4,"54,900원",https://www.yanolja.com/hotel/1000104222
15,신화관 제주 신화월드 호텔앤리조트,4.6,"308,550원",https://www.yanolja.com/hotel/3015955
16,그랜드 하얏트 제주,4.8,"536,800원",https://www.yanolja.com/hotel/1000111556
17,제주 드라마2015 풀빌라리조트,5.0,"200,000원",https://www.yanolja.com/hotel/10043774
18,캠퍼트리 호텔&리조트 제주,4.8,"220,000원",https://www.yanolja.com/hotel/3010605
19,서귀포 월드컵리조트,4.5,"60,000원",https://www.yanolja.com/hotel/1000114268
20,베니키아 더 제주 리조트,4.1,"50,000원",https://www.yanolja.com/hotel/3016456
22,제주 마레보 리조트,4.1,"152,000원",https://www.yanolja.com/hotel/3001079
23,담앤루리조트,4.5,"140,000원",https://www.yanolja.com/hotel/3001261
24,물뜰에쉼팡,4.5,"80,500원",https://www.yanolja.com/hotel/3016962
25,돈내코힐 스파 리조트,4.5,"91,000원",https://www.yanolja.com/hotel/3001067
26,제주 그림리조트,4.0,"60,000원",https://www.yanolja.com/pension/1000109195
27,메모리아 리조트,4.4,"69,000원",https://www.yanolja.com/hotel/3014610
28,서귀포 파미유키즈리조트,4.5,"100,000원",https://www.yanolja.com/pension/1000100762
29,켄싱턴리조트 서귀포,4.0,"219,000원",https://www.yanolja.com/hotel/3001061
30,제주 한림리조트,5.0,"108,000원",https://www.yanolja.com/hotel/10043138
31,제주 아름다운리조트,4.0,"49,000원",https://www.yanolja.com/hotel/3001449
33,콤마앤스파리조트,4.6,"121,000원",https://www.yanolja.com/hotel/3012788
34,제주 기린리조트,4.6,"290,000원",https://www.yanolja.com/hotel/10042128
35,서귀포 오션트리리조트,4.2,"77,000원",https://www.yanolja.com/pension/3005202
36,다인리조트 애월,4.3,"90,440원",https://www.yanolja.com/hotel/3001556
37,해비치 호텔&리조트,4.6,"605,000원",https://www.yanolja.com/hotel/3001286
38,메가리조트,4.0,"40,000원",https://www.yanolja.com/hotel/3001119
39,제주 샤모니리조트,4.7,"55,000원",https://www.yanolja.com/hotel/3002281
40,메리어트관 제주신화월드 호텔앤리조트,4.6,"352,000원",https://www.yanolja.com/hotel/3011111
41,로긴 리조트,4.6,"94,000원",https://www.yanolja.com/hotel/3017913
42,제주 담모라 리조트,4.5,"63,000원",https://www.yanolja.com/hotel/3010500
44,서귀포 일레인 호텔,4.7,"77,000원",https://www.yanolja.com/guest-house/1000111730
45,제주 아이브 호텔&리조트,4.2,"54,990원",https://www.yanolja.com/hotel/3001514
46,제주 휴리조트,4.6,"94,120원",https://www.yanolja.com/pension/1000113032
47,제주 캐슬풀리조트,4.3,"99,800원",https://www.yanolja.com/pension/3017783
48,코델리아s 호텔 앤 리조트,4.0,"45,000원",https://www.yanolja.com/hotel/3002197
49,소노벨 제주,4.5,"262,000원",https://www.yanolja.com/hotel/3000931
50,제주 하모니리조트,4.5,"135,000원",https://www.yanolja.com/hotel/1000080307
52,서귀포 돈내코힐스파리조트,4.5,"96,500원",https://www.yanolja.com/pension/3003659
53,팜밸리 리조트,4.8,"169,210원",https://www.yanolja.com/hotel/3002019
56,제주 몽돌리조트,4.5,"361,000원",https://www.yanolja.com/pension/10040693
58,제주 뉴오션 리조트,4.3,"53,500원",https://www.yanolja.com/hotel/3012019
60,흰수염고래 리조트,4.5,"85,000원",https://www.yanolja.com/hotel/3011332
61,메종드씨엘 하버39 호텔 앤 리조트,5.0,"65,000원",https://www.yanolja.com/hotel/10040654
68,제주 씨에스 호텔 앤 리조트,4.7,"414,000원",https://www.yanolja.com/hotel/3001181
70,제주 힐링리조트,5.0,"58,900원",https://www.yanolja.com/pension/1000105470
73,제주 아모렉스 리조트,4.1,"60,000원",https://www.yanolja.com/hotel/3001108
74,제주 중문 제이힐,4.1,"49,900원",https://www.yanolja.com/hotel/3001431
75,오투힐 리조트,4.0,"140,000원",https://www.yanolja.com/hotel/10042361
77,와이 리조트 제주,4.8,"145,000원",https://www.yanolja.com/hotel/3001316
78,카이리조트 제주,4.5,"80,000원",https://www.yanolja.com/hotel/3000862
79,서귀포 오크라리조트,5.0,"100,000원",https://www.yanolja.com/pension/3014884
80,제주 휴 리조트,4.7,"80,000원",https://www.yanolja.com/hotel/3009860
82,비스타 리조트,4.3,"105,000원",https://www.yanolja.com/hotel/3006624
83,제주 고투베드 리조트,4.2,"55,000원",https://www.yanolja.com/hotel/3010695
85,서귀포 마린포트리조트,4.6,"56,000원",https://www.yanolja.com/pension/1000092663
86,서귀포 중문통나무펜션리조트,4.6,"130,000원",https://www.yanolja.com/pension/3005508
88,서귀포 스프링힐리조트,4.7,"73,000원",https://www.yanolja.com/pension/3006603
89,제주 제주리조트,5.0,"84,560원",https://www.yanolja.com/pension/1000095084
95,제주 드라마2015풀빌라리조트,4.6,"290,000원",https://www.yanolja.com/pension/1000102185
98,나르샤 리조트,4.0,"53,000원",https://www.yanolja.com/hotel/3006790
100,제주 더세리리조트,4.0,"49,000원",https://www.yanolja.com/guest-house/1000099467
101,엠버리조트,4.8,"350,000원",https://www.yanolja.com/hotel/3006779
105,스완지 리조트,4.8,"69,000원",https://www.yanolja.com/hotel/3001575
106,제주 퓨어스테이오션 리조트,4.2,"55,000원",https://www.yanolja.com/guest-house/3014206
107,제주 나르샤 리조트,4.6,"55,000원",https://www.yanolja.com/pension/1000092751
109,제주 뉴오션리조트,4.1,"69,000원",https://www.yanolja.com/pension/3010050
111,서귀포 라사니아캐슬리조트,4.4,"69,000원",https://www.yanolja.com/pension/3009756
119,라사니아 리조트,4.3,"79,000원",https://www.yanolja.com/hotel/3001493
121,더베이 리조트,4.3,"63,000원",https://www.yanolja.com/hotel/3000965
133,세리 리조트,4.7,"49,000원",https://www.yanolja.com/hotel/3001021
134,올레요 리조트,4.0,"48,000원",https://www.yanolja.com/hotel/3000796
146,솔동산스테이,4.7,"46,000원",https://www.yanolja.com/hotel/3001923
152,제주 나르샤 리조트,4.0,"54,000원",https://www.yanolja.com/guest-house/3016079
